transition,count,diff_sog_mean_mean,diff_sog_mean_std,diff_sog_mean_median,diff_sog_min_mean,diff_sog_min_std,diff_sog_min_median,diff_sog_max_mean,diff_sog_max_std,diff_sog_max_median,diff_sog_std_mean,diff_sog_std_std,diff_sog_std_median,diff_cog_mean_mean,diff_cog_mean_std,diff_cog_mean_median,diff_cog_std_mean,diff_cog_std_std,diff_cog_std_median,diff_num_messages_mean,diff_num_messages_std,diff_num_messages_median,diff_avg_time_gap_seconds_mean,diff_avg_time_gap_seconds_std,diff_avg_time_gap_seconds_median,overlap_percentage_of_union_mean,num_overlapping_timestamps_mean
fishing -> transiting,159,0.1669,0.8945,0.0803,-0.0692,0.5604,0.0,1.2686,18.6589,0.0,0.0526,0.6142,0.0076,4.5911,19.7829,1.6314,0.664,12.0417,-0.0601,-5.195,883.5825,-150.0,201.6508,1401.9173,260.8456,2.4184,83.4025
fishing -> moored,92,0.2602,0.8865,0.1467,-0.0011,0.0277,0.0,-0.3902,18.4136,0.1,0.1701,0.5432,0.0428,-1.0649,21.8063,-1.7808,-1.2271,9.1437,-0.3622,311.2391,1019.2004,111.5,-105.1549,1925.8424,4.6806,2.3486,81.6413
fishing -> missing,55,,,,,,,,,,,,,,,,,,,,,,,,,,
transiting -> fishing,41,-0.4398,1.678,-0.2271,-0.0049,0.0312,0.0,1.2878,6.4167,0.1,0.0412,0.7869,0.1037,1.51,23.3065,-0.6909,-1.1879,9.5736,-0.9242,-161.6829,565.3742,-155.0,442.3967,484.3792,471.7827,2.3912,101.4634
fishing -> unknown,18,0.6572,1.1638,0.3316,-0.0222,0.1215,0.0,8.1,22.7653,0.1,0.3456,0.8933,0.0393,3.6088,30.2746,7.984,2.7967,14.2612,3.2689,267.0,1010.7887,262.0,-106.4246,1680.9057,209.3264,4.2533,170.1667
unknown -> fishing,14,-0.2,0.6607,-0.1846,-0.0071,0.0267,0.0,6.7714,25.0679,0.15,0.1887,0.4847,0.1292,3.3687,26.4681,-3.3032,0.7343,13.8804,-1.0004,-206.7143,252.435,-182.5,361.186,256.2077,248.6701,2.6064,129.1429
nan -> fishing,7,-0.6926,1.6765,-0.0533,0.0,0.0,0.0,-0.8571,2.4999,-0.1,0.0038,0.2426,0.0691,7.9387,7.4053,11.16,0.879,3.2135,0.5014,-779.8571,826.7848,-703.0,832.416,1032.442,696.4899,1.7614,85.2857
transiting -> missing,6,,,,,,,,,,,,,,,,,,,,,,,,,,
moored -> fishing,5,-0.7458,0.9484,-0.4119,0.02,0.0447,0.0,0.28,0.4087,0.4,-0.0404,0.2421,-0.0451,-1.3617,14.3484,-6.9816,9.189,13.0256,10.4698,-167.2,298.5661,-228.0,484.9967,491.3766,338.8264,0.698,35.8
unknown -> transiting,4,0.4308,0.22,0.3829,0.0,0.0,0.0,0.225,0.2986,0.3,0.0216,0.1059,-0.0158,-1.1029,10.4291,-1.3829,0.9015,4.6036,1.6886,119.75,1268.0687,216.0,-102.7032,2418.4961,270.7883,11.6625,235.75
unknown -> missing,3,,,,,,,,,,,,,,,,,,,,,,,,,,
fishing -> nan,3,-0.3377,0.9041,-0.0427,0.0,0.0,0.0,30.5,53.2606,-0.2,0.3258,0.0563,0.3329,1.9901,7.417,-0.6885,-5.7712,9.4449,-3.5434,83.6667,411.8523,64.0,155.3601,350.6658,87.2654,1.68,93.6667
transiting -> moored,3,-0.055,0.0409,-0.0561,0.0,0.0,0.0,-0.2667,0.2887,-0.1,-0.0793,0.0471,-0.0954,-0.1001,5.2567,2.5593,-0.8595,5.0526,-1.8965,-665.6667,157.3669,-753.0,1857.6521,1274.504,2529.7389,9.1833,203.0
fishing -> anchored,3,2.2899,1.7359,3.0627,0.0,0.0,0.0,0.9667,1.222,0.7,0.4579,0.3012,0.486,-59.2018,5.4368,-61.5545,5.5821,14.7895,10.0316,-172.0,418.5009,39.0,270.8242,376.4318,293.2883,0.5467,30.6667
nan -> missing,2,,,,,,,,,,,,,,,,,,,,,,,,,,
